sender_domain,subject_flags,body_flags,account,activity,com,compromised,dear,http,login,maliciouslink,noticed,password,label
fakebank.com,1,1,0.0,0.4466561618018052,0.31779953783628945,0.0,0.4466561618018052,0.31779953783628945,0.4466561618018052,0.0,0.4466561618018052,0.0,1
fakemail.com,1,1,0.4466561618018052,0.0,0.31779953783628945,0.4466561618018052,0.0,0.31779953783628945,0.0,0.4466561618018052,0.0,0.4466561618018052,1
